tfpu03701.tao.corp.google.com,100.91.160.3,mhpu01501.tao.corp.google.com
power1-ap2.tao.corp.google.com,100.91.160.4,mhpu01502.tao.corp.google.com
tfpu05902.tao.corp.google.com,100.91.160.5,mhpu01503.tao.corp.google.com
rig9-sniffer.tao.corp.google.com,100.91.160.6,mhpu00501.tao.corp.google.com
ait-ct2-wifiap.tao.corp.google.com,100.91.160.7,tfpu00502.tao.corp.google.com
expu02401.tao.corp.google.com,100.91.160.9,mhpu00503.tao.corp.google.com
mhpu04701.tao.corp.google.com,100.91.160.10,mhpu01504.tao.corp.google.com
mhpu04702.tao.corp.google.com,100.91.160.11,tmpu01801.tao.corp.google.com
mhpu04703.tao.corp.google.com,100.91.160.12,tmpu01802.tao.corp.google.com
mhpu04704.tao.corp.google.com,100.91.160.13,tmpu03301.tao.corp.google.com
mhpu04705.tao.corp.google.com,100.91.160.14,tmpu02601.tao.corp.google.com
mhpu04706.tao.corp.google.com,100.91.160.15,tmpu02801.tao.corp.google.com
mhpu04707.tao.corp.google.com,100.91.160.16,tmpu02802.tao.corp.google.com
tfpu00101.tao.corp.google.com,100.91.160.17,tmpu02803.tao.corp.google.com
tfpu00102.tao.corp.google.com,100.91.160.18,tmpu02804.tao.corp.google.com
tfpu00103.tao.corp.google.com,100.91.160.19,tmpu02901.tao.corp.google.com
tfpu00104.tao.corp.google.com,100.91.160.20,tmpu02902.tao.corp.google.com
tfpu00105.tao.corp.google.com,100.91.160.21,tmpu02903.tao.corp.google.com
tfpu00106.tao.corp.google.com,100.91.160.22,tmpu02904.tao.corp.google.com
tfpu00107.tao.corp.google.com,100.91.160.23,tmpu03001.tao.corp.google.com
tfpu00108.tao.corp.google.com,100.91.160.24,mhpu01901.tao.corp.google.com
tfpu00201.tao.corp.google.com,100.91.160.25,mhpu02201.tao.corp.google.com
tfpu00202.tao.corp.google.com,100.91.160.26,mhpu02202.tao.corp.google.com
tfpu00203.tao.corp.google.com,100.91.160.27,mhpu02301.tao.corp.google.com
tfpu00204.tao.corp.google.com,100.91.160.28,mhpu01601.tao.corp.google.com
tfpu00205.tao.corp.google.com,100.91.160.29,mhpu04701.tao.corp.google.com
tfpu00401.tao.corp.google.com,100.91.160.30,mhpu04702.tao.corp.google.com
tfpu00402.tao.corp.google.com,100.91.160.31,mhpu04703.tao.corp.google.com
tfpu00403.tao.corp.google.com,100.91.160.32,mhpu04704.tao.corp.google.com
tfpu00405.tao.corp.google.com,100.91.160.33,mhpu04705.tao.corp.google.com
tfpu00406.tao.corp.google.com,100.91.160.34,mhpu04706.tao.corp.google.com
tfpu00407.tao.corp.google.com,100.91.160.35,mhpu04707.tao.corp.google.com
tfpu00408.tao.corp.google.com,100.91.160.36,tfpu00101.tao.corp.google.com
tfpu00601.tao.corp.google.com,100.91.160.37,tfpu00102.tao.corp.google.com
mhpu00602.tao.corp.google.com,100.91.160.38,tfpu00103.tao.corp.google.com
tmpu00603.tao.corp.google.com,100.91.160.39,tfpu00104.tao.corp.google.com
power1-ap1.tao.corp.google.com,100.91.160.40,tfpu00105.tao.corp.google.com
tfpu06007.tao.corp.google.com,100.91.160.41,tfpu00106.tao.corp.google.com
tfpu06008.tao.corp.google.com,100.91.160.42,tfpu00107.tao.corp.google.com
mhpu04201.tao.corp.google.com,100.91.160.43,tfpu00108.tao.corp.google.com
mhpu04202.tao.corp.google.com,100.91.160.44,tfpu00201.tao.corp.google.com
mvt-audio-1.tao.corp.google.com,100.91.160.45,tfpu00202.tao.corp.google.com
mvt-audio-2.tao.corp.google.com,100.91.160.46,tfpu00203.tao.corp.google.com
mhpu04501.tao.corp.google.com,100.91.160.47,tfpu00204.tao.corp.google.com
mhpu04502.tao.corp.google.com,100.91.160.48,tfpu00205.tao.corp.google.com
mhpu04503.tao.corp.google.com,100.91.160.49,tfpu00401.tao.corp.google.com
mhpu04504.tao.corp.google.com,100.91.160.50,tfpu00402.tao.corp.google.com
mhpu04505.tao.corp.google.com,100.91.160.51,tfpu00403.tao.corp.google.com
mhpu04506.tao.corp.google.com,100.91.160.52,tfpu00405.tao.corp.google.com
mhpu04507.tao.corp.google.com,100.91.160.53,tfpu00406.tao.corp.google.com
mhpu04508.tao.corp.google.com,100.91.160.54,tfpu00407.tao.corp.google.com
mhpu04601.tao.corp.google.com,100.91.160.55,tfpu00408.tao.corp.google.com
expu04602.tao.corp.google.com,100.91.160.56,tfpu00601.tao.corp.google.com
expu04603.tao.corp.google.com,100.91.160.57,mhpu00602.tao.corp.google.com
expu04604.tao.corp.google.com,100.91.160.58,tmpu00603.tao.corp.google.com
mhpu01501.tao.corp.google.com,100.91.160.59,tfpu06008.tao.corp.google.com
mhpu01502.tao.corp.google.com,100.91.160.60,power1-ap1.tao.corp.google.com
mhpu01503.tao.corp.google.com,100.91.160.61,power1-ap2.tao.corp.google.com
tfpu00501.tao.corp.google.com,100.91.160.62,POWER1-Attenuator.tao.corp.google.com
tfpu00502.tao.corp.google.com,100.91.160.63,mhpu05001.tao.corp.google.com
mhpu01504.tao.corp.google.com,100.91.160.64,mhpu05101.tao.corp.google.com
tfpu00503.tao.corp.google.com,100.91.160.65,mhpu04901.tao.corp.google.com
tfpu00301.tao.corp.google.com,100.91.160.66,mhpu04201.tao.corp.google.com
tfpu00302.tao.corp.google.com,100.91.160.67,mhpu04202.tao.corp.google.com
tmpu01801.tao.corp.google.com,100.91.160.68,mvt-audio-1.tao.corp.google.com
tmpu01802.tao.corp.google.com,100.91.160.69,mvt-audio-2.tao.corp.google.com
tmpu03301.tao.corp.google.com,100.91.160.70,GNSS-rig1-Attenuator.tao.corp.google.com
tmpu02601.tao.corp.google.com,100.91.160.71,GNSS-rig2-Attenuator.tao.corp.google.com
tmpu02801.tao.corp.google.com,100.91.160.72,GNSS-rig3-Attenuator.tao.corp.google.com
tmpu02802.tao.corp.google.com,100.91.160.73,GNSS-rig4-Attenuator.tao.corp.google.com
tmpu02803.tao.corp.google.com,100.91.160.74,GNSS-rig5-Attenuator.tao.corp.google.com
tmpu02804.tao.corp.google.com,100.91.160.75,GNSS-rig6-Attenuator.tao.corp.google.com
tmpu02901.tao.corp.google.com,100.91.160.76,GNSS-rig7-Attenuator.tao.corp.google.com
tmpu02902.tao.corp.google.com,100.91.160.77,GNSS-rig8-Attenuator.tao.corp.google.com
tmpu02903.tao.corp.google.com,100.91.160.78,GNSS-rig9-Attenuator.tao.corp.google.com
tmpu02904.tao.corp.google.com,100.91.160.79,POWER2-Attenuator.tao.corp.google.com
tmpu03001.tao.corp.google.com,100.91.160.80,POWER3-Attenuator.tao.corp.google.com
mhpu01901.tao.corp.google.com,100.91.160.81,POWER4-Attenuator.tao.corp.google.com
mhpu02201.tao.corp.google.com,100.91.160.82,mhpu04501.tao.corp.google.com
mhpu02202.tao.corp.google.com,100.91.160.83,mhpu04502.tao.corp.google.com
mhpu02301.tao.corp.google.com,100.91.160.84,mhpu04503.tao.corp.google.com
mhpu01601.tao.corp.google.com,100.91.160.85,mhpu04504.tao.corp.google.com
tfpu06006.tao.corp.google.com,100.91.160.86,mhpu04505.tao.corp.google.com
tfpu06005.tao.corp.google.com,100.91.160.87,mhpu04506.tao.corp.google.com
tfpu06004.tao.corp.google.com,100.91.160.88,mhpu04507.tao.corp.google.com
mhpu05001.tao.corp.google.com,100.91.160.89,mhpu04508.tao.corp.google.com
mhpu05101.tao.corp.google.com,100.91.160.90,mhpu04601.tao.corp.google.com
tfpu06003.tao.corp.google.com,100.91.160.91,expu04602.tao.corp.google.com
mhpu04901.tao.corp.google.com,100.91.160.92,expu04603.tao.corp.google.com
tfpu00701.tao.corp.google.com,100.91.160.93,expu04604.tao.corp.google.com
tfpu00702.tao.corp.google.com,100.91.160.94,mvtcamera-its01.tao.corp.google.com
tfpu00703.tao.corp.google.com,100.91.160.95,mvtcamera-its02.tao.corp.google.com
tfpu00704.tao.corp.google.com,100.91.160.96,mvtcamera-its03.tao.corp.google.com
tfpu00705.tao.corp.google.com,100.91.160.97,mvtcamera-its04.tao.corp.google.com
tfpu00706.tao.corp.google.com,100.91.160.98,mvtcamera-its05.tao.corp.google.com
tfpu00707.tao.corp.google.com,100.91.160.99,mvtcamera-its06.tao.corp.google.com
tfpu00708.tao.corp.google.com,100.91.160.100,GNSS-rig1-googlewifi.tao.corp.google.com
tfpu00801.tao.corp.google.com,100.91.160.101,GNSS-rig2-googlewifi.tao.corp.google.com
tfpu00802.tao.corp.google.com,100.91.160.102,GNSS-rig3-googlewifi.tao.corp.google.com
tfpu00803.tao.corp.google.com,100.91.160.103,GNSS-rig4-googlewifi.tao.corp.google.com
tfpu00804.tao.corp.google.com,100.91.160.104,GNSS-rig5-googlewifi.tao.corp.google.com
tfpu00805.tao.corp.google.com,100.91.160.105,GNSS-rig6-googlewifi.tao.corp.google.com
tfpu00806.tao.corp.google.com,100.91.160.106,GNSS-rig7-googlewifi.tao.corp.google.com
tfpu00807.tao.corp.google.com,100.91.160.107,GNSS-rig8-googlewifi.tao.corp.google.com
tfpu00808.tao.corp.google.com,100.91.160.108,GNSS-rig9-googlewifi.tao.corp.google.com
tfpu00901.tao.corp.google.com,100.91.160.109,tfpu00701.tao.corp.google.com
tfpu05901.tao.corp.google.com,100.91.160.110,tfpu00702.tao.corp.google.com
tfpu00902.tao.corp.google.com,100.91.160.111,tfpu00703.tao.corp.google.com
tfpu00903.tao.corp.google.com,100.91.160.112,tfpu00704.tao.corp.google.com
tfpu00904.tao.corp.google.com,100.91.160.113,tfpu00705.tao.corp.google.com
tfpu00905.tao.corp.google.com,100.91.160.114,tfpu00706.tao.corp.google.com
tfpu00906.tao.corp.google.com,100.91.160.115,tfpu00707.tao.corp.google.com
tfpu00907.tao.corp.google.com,100.91.160.116,tfpu00708.tao.corp.google.com
tfpu00908.tao.corp.google.com,100.91.160.117,tfpu00801.tao.corp.google.com
tfpu01001.tao.corp.google.com,100.91.160.118,tfpu00802.tao.corp.google.com
tfpu01002.tao.corp.google.com,100.91.160.119,tfpu00803.tao.corp.google.com
tfpu01003.tao.corp.google.com,100.91.160.120,tfpu00804.tao.corp.google.com
tfpu01004.tao.corp.google.com,100.91.160.121,tfpu00805.tao.corp.google.com
tfpu01005.tao.corp.google.com,100.91.160.122,tfpu00806.tao.corp.google.com
tfpu01006.tao.corp.google.com,100.91.160.123,tfpu00807.tao.corp.google.com
tfpu01007.tao.corp.google.com,100.91.160.124,tfpu00808.tao.corp.google.com
tfpu01008.tao.corp.google.com,100.91.160.125,tfpu00901.tao.corp.google.com
tfpu00404.tao.corp.google.com,100.91.160.126,tfpu00902.tao.corp.google.com
tfpu00206.tao.corp.google.com,100.91.160.127,tfpu00903.tao.corp.google.com
tfpu00207.tao.corp.google.com,100.91.160.128,tfpu00904.tao.corp.google.com
tfpu00208.tao.corp.google.com,100.91.160.129,tfpu00905.tao.corp.google.com
tfpu00307.tao.corp.google.com,100.91.160.130,tfpu00906.tao.corp.google.com
tfpu00308.tao.corp.google.com,100.91.160.131,tfpu00907.tao.corp.google.com
tfpu00303.tao.corp.google.com,100.91.160.132,tfpu00908.tao.corp.google.com
tfpu00304.tao.corp.google.com,100.91.160.133,tfpu01001.tao.corp.google.com
tfpu00305.tao.corp.google.com,100.91.160.134,tfpu01002.tao.corp.google.com
tfpu00306.tao.corp.google.com,100.91.160.135,tfpu01003.tao.corp.google.com
tfpu05903.tao.corp.google.com,100.91.160.136,tfpu01004.tao.corp.google.com
tfpu05904.tao.corp.google.com,100.91.160.137,tfpu01005.tao.corp.google.com
mhpu00605.tao.corp.google.com,100.91.160.138,tfpu01006.tao.corp.google.com
mhpu00604.tao.corp.google.com,100.91.160.140,tfpu01007.tao.corp.google.com
expu02001.tao.corp.google.com,100.91.160.141,tfpu01008.tao.corp.google.com
power1-attenuator.tao.corp.google.com,100.91.160.139,tfpu00404.tao.corp.google.com
expu02002.tao.corp.google.com,100.91.160.142,tfpu00206.tao.corp.google.com
expu02003.tao.corp.google.com,100.91.160.143,tfpu00207.tao.corp.google.com
tfpu05408.tao.corp.google.com,100.91.160.144,tfpu00208.tao.corp.google.com
tfpu05905.tao.corp.google.com,100.91.160.145,tfpu00307.tao.corp.google.com
expu02004.tao.corp.google.com,100.91.160.146,tfpu00308.tao.corp.google.com
tfpu05906.tao.corp.google.com,100.91.160.147,tfpu00301.tao.corp.google.com
expu02005.tao.corp.google.com,100.91.160.148,tfpu00302.tao.corp.google.com
tfpu05407.tao.corp.google.com,100.91.160.149,tfpu00304.tao.corp.google.com
tfpu05908.tao.corp.google.com,100.91.160.151,tfpu00305.tao.corp.google.com
tfpu06001.tao.corp.google.com,100.91.160.152,tfpu00306.tao.corp.google.com
gnss-rig2-attenuator.tao.corp.google.com,100.91.160.154,tfpu00504.tao.corp.google.com
gnss-rig1-attenuator.tao.corp.google.com,100.91.160.153,tfpu03701.tao.corp.google.com
gnss-rig4-attenuator.tao.corp.google.com,100.91.160.156,tmpu03002.tao.corp.google.com
gnss-rig5-attenuator.tao.corp.google.com,100.91.160.157,tmpu03003.tao.corp.google.com
gnss-rig6-attenuator.tao.corp.google.com,100.91.160.158,tmpu03004.tao.corp.google.com
gnss-rig7-attenuator.tao.corp.google.com,100.91.160.159,tmpu03101.tao.corp.google.com
gnss-rig8-attenuator.tao.corp.google.com,100.91.160.160,tmpu03102.tao.corp.google.com
gnss-rig9-attenuator.tao.corp.google.com,100.91.160.161,tmpu03103.tao.corp.google.com
power4-attenuator.tao.corp.google.com,100.91.160.164,tmpu03104.tao.corp.google.com
mvtcamera-its01.tao.corp.google.com,100.91.160.165,tmpu03201.tao.corp.google.com
mvtcamera-its02.tao.corp.google.com,100.91.160.166,tmpu03202.tao.corp.google.com
mvtcamera-its03.tao.corp.google.com,100.91.160.167,tmpu03203.tao.corp.google.com
mvtcamera-its04.tao.corp.google.com,100.91.160.168,mhpu01401.tao.corp.google.com
mvtcamera-its05.tao.corp.google.com,100.91.160.169,mhpu01402.tao.corp.google.com
mvtcamera-its06.tao.corp.google.com,100.91.160.170,mhpu01403.tao.corp.google.com
tfpu00504.tao.corp.google.com,100.91.160.180,mhpu01404.tao.corp.google.com
expu02501.tao.corp.google.com,100.91.160.181,ait-ct2-wifiap.tao.corp.google.com
tmpu03002.tao.corp.google.com,100.91.160.182,pqmwifi-tao-rig01-ap1.tao.corp.google.com
tmpu03003.tao.corp.google.com,100.91.160.183,pqmwifi-tao-rig01-ap2.tao.corp.google.com
tmpu03004.tao.corp.google.com,100.91.160.184,pqmwifi-tao-rig01-attenuator.tao.corp.google.com
tmpu03101.tao.corp.google.com,100.91.160.185,pqmwifi-tao-rig02-ap1.tao.corp.google.com
tmpu03102.tao.corp.google.com,100.91.160.186,pqmwifi-tao-rig02-ap2.tao.corp.google.com
tmpu03103.tao.corp.google.com,100.91.160.187,pqmwifi-tao-rig02-attenuator.tao.corp.google.com
tmpu03104.tao.corp.google.com,100.91.160.188,pqmwifi-tao-rig03-ap1.tao.corp.google.com
tmpu03201.tao.corp.google.com,100.91.160.189,pqmwifi-tao-rig03-ap2.tao.corp.google.com
tmpu03202.tao.corp.google.com,100.91.160.190,pqmwifi-tao-rig03-attenuator.tao.corp.google.com
tmpu03203.tao.corp.google.com,100.91.160.191,pqmwifi-tao-rig04-ap1.tao.corp.google.com
rig02-sniffer.tao.corp.google.com,100.91.160.192,pqmwifi-tao-rig04-ap2.tao.corp.google.com
tfpu05405.tao.corp.google.com,100.91.160.193,pqmwifi-tao-rig04-attenuator.tao.corp.google.com
mhpu01401.tao.corp.google.com,100.91.160.194,pqmwifi-tao-rig05-ap1.tao.corp.google.com
mhpu01402.tao.corp.google.com,100.91.160.195,pqmwifi-tao-rig05-ap2.tao.corp.google.com
mhpu01403.tao.corp.google.com,100.91.160.196,pqmwifi-tao-rig05-attenuator.tao.corp.google.com
mhpu01404.tao.corp.google.com,100.91.160.197,pqmwifi-tao-rig06-ap1.tao.corp.google.com
expu02502.tao.corp.google.com,100.91.160.198,pqmwifi-tao-rig06-ap2.tao.corp.google.com
expu02503.tao.corp.google.com,100.91.160.199,pqmwifi-tao-rig06-attenuator.tao.corp.google.com
expu02504.tao.corp.google.com,100.91.160.200,pqmwifi-tao-rig07-ap1.tao.corp.google.com
expu02505.tao.corp.google.com,100.91.160.201,pqmwifi-tao-rig07-ap2.tao.corp.google.com
pqmwifi-tao-rig01-ap1.tao.corp.google.com,100.91.160.202,pqmwifi-tao-rig07-attenuator.tao.corp.google.com
pqmwifi-tao-rig01-ap2.tao.corp.google.com,100.91.160.203,pqmwifi-tao-rig08-ap1.tao.corp.google.com
pqmwifi-tao-rig02-ap1.tao.corp.google.com,100.91.160.205,pqmwifi-tao-rig08-ap2.tao.corp.google.com
pqmwifi-tao-rig02-ap2.tao.corp.google.com,100.91.160.206,pqmwifi-tao-rig08-attenuator.tao.corp.google.com
pqmwifi-tao-rig03-ap1.tao.corp.google.com,100.91.160.208,pqmwifi-tao-rig09-ap1.tao.corp.google.com
pqmwifi-tao-rig03-ap2.tao.corp.google.com,100.91.160.209,pqmwifi-tao-rig09-ap2.tao.corp.google.com
pqmwifi-tao-rig02-attenuator.tao.corp.google.com,100.91.160.207,pqmwifi-tao-rig09-attenuator.tao.corp.google.com
pqmwifi-tao-rig04-ap1.tao.corp.google.com,100.91.160.211,pqmwifi-tao-rig10-ap1.tao.corp.google.com
pqmwifi-tao-rig04-ap2.tao.corp.google.com,100.91.160.212,pqmwifi-tao-rig10-ap2.tao.corp.google.com
pqmwifi-tao-rig04-attenuator.tao.corp.google.com,100.91.160.213,pqmwifi-tao-rig10-attenuator.tao.corp.google.com
pqmwifi-tao-rig03-attenuator.tao.corp.google.com,100.91.160.210,pqmwifi-tao-rig11-ap1.tao.corp.google.com
pqmwifi-tao-rig05-ap1.tao.corp.google.com,100.91.160.214,pqmwifi-tao-rig11-ap2.tao.corp.google.com
pqmwifi-tao-rig05-ap2.tao.corp.google.com,100.91.160.215,pqmwifi-tao-rig11-attenuator.tao.corp.google.com
pqmwifi-tao-rig06-ap1.tao.corp.google.com,100.91.160.217,pqmwifi-tao-rig12-ap2.tao.corp.google.com
pqmwifi-tao-rig06-ap2.tao.corp.google.com,100.91.160.218,pqmwifi-tao-rig12-attenuator.tao.corp.google.com
pqmwifi-tao-rig05-attenuator.tao.corp.google.com,100.91.160.216,mhpu04801.tao.corp.google.com
pqmwifi-tao-rig06-attenuator.tao.corp.google.com,100.91.160.219,ssdwifi-tao-rig01-ap1.tao.corp.google.com
pqmwifi-tao-rig07-ap1.tao.corp.google.com,100.91.160.220,ssdwifi-tao-rig01-ap2.tao.corp.google.com
pqmwifi-tao-rig07-ap2.tao.corp.google.com,100.91.160.221,ssdwifi-tao-rig01-attenuator.tao.corp.google.com
pqmwifi-tao-rig08-ap1.tao.corp.google.com,100.91.160.223,ssdwifi-tao-rig02-ap1.tao.corp.google.com
pqmwifi-tao-rig08-ap2.tao.corp.google.com,100.91.160.224,ssdwifi-tao-rig02-ap2.tao.corp.google.com
pqmwifi-tao-rig07-attenuator.tao.corp.google.com,100.91.160.222,ssdwifi-tao-rig02-attenuator.tao.corp.google.com
pqmwifi-tao-rig11-ap1.tao.corp.google.com,100.91.160.232,mvtmmwifi3701.tao.corp.google.com
pqmwifi-tao-rig11-ap2.tao.corp.google.com,100.91.160.233,expu02001.tao.corp.google.com
pqmwifi-tao-rig10-attenuator.tao.corp.google.com,100.91.160.231,expu02002.tao.corp.google.com
pqmwifi-tao-rig11-attenuator.tao.corp.google.com,100.91.160.234,expu02003.tao.corp.google.com
tfpu06002.tao.corp.google.com,100.91.160.235,expu02004.tao.corp.google.com
pqmwifi-tao-rig12-ap2.tao.corp.google.com,100.91.160.236,expu02005.tao.corp.google.com
ssdwifi-tao-rig01-ap1.tao.corp.google.com,100.91.160.238,expu02501.tao.corp.google.com
ssdwifi-tao-rig01-ap2.tao.corp.google.com,100.91.160.239,expu02502.tao.corp.google.com
pqmwifi-tao-rig12-attenuator.tao.corp.google.com,100.91.160.237,expu02503.tao.corp.google.com
ssdwifi-tao-rig01-attenuator.tao.corp.google.com,100.91.160.240,expu02504.tao.corp.google.com
ssdwifi-tao-rig02-ap1.tao.corp.google.com,100.91.160.241,expu02505.tao.corp.google.com
ssdwifi-tao-rig02-ap2.tao.corp.google.com,100.91.160.242,tfpu06101.tao.corp.google.com
tfpu06101.tao.corp.google.com,100.91.160.244,expu03701.tao.corp.google.com
tfpu05201.tao.corp.google.com,100.91.160.245,tfpu05901.tao.corp.google.com
ssdwifi-tao-rig02-attenuator.tao.corp.google.com,100.91.160.243,tfpu05902.tao.corp.google.com
mhpu04801.tao.corp.google.com,100.91.160.246,tfpu05903.tao.corp.google.com
expu03701.tao.corp.google.com,100.91.160.247,tfpu05904.tao.corp.google.com
tfpu05404.tao.corp.google.com,100.91.160.248,tfpu05905.tao.corp.google.com
tfpu05202.tao.corp.google.com,100.91.160.249,tfpu05906.tao.corp.google.com
tfpu05403.tao.corp.google.com,100.91.160.250,tfpu05907.tao.corp.google.com
tfpu05203.tao.corp.google.com,100.91.160.251,tfpu05908.tao.corp.google.com
tfpu05402.tao.corp.google.com,100.91.160.252,tfpu06001.tao.corp.google.com
tfpu05401.tao.corp.google.com,100.91.160.253,tfpu06002.tao.corp.google.com
tfpu05204.tao.corp.google.com,100.91.160.254,tfpu05201.tao.corp.google.com
tfpu05205.tao.corp.google.com,100.91.160.255,tfpu05202.tao.corp.google.com
tfpu05308.tao.corp.google.com,100.91.161.0,tfpu05203.tao.corp.google.com
tfpu05206.tao.corp.google.com,100.91.161.1,tfpu05204.tao.corp.google.com
tfpu05307.tao.corp.google.com,100.91.161.2,tfpu05205.tao.corp.google.com
tfpu05207.tao.corp.google.com,100.91.161.3,tfpu05206.tao.corp.google.com
tfpu05208.tao.corp.google.com,100.91.161.4,tfpu05207.tao.corp.google.com
tfpu05306.tao.corp.google.com,100.91.161.5,tfpu05208.tao.corp.google.com
tfpu05301.tao.corp.google.com,100.91.161.6,tfpu05301.tao.corp.google.com
tfpu05305.tao.corp.google.com,100.91.161.7,tfpu05302.tao.corp.google.com
tfpu05302.tao.corp.google.com,100.91.161.8,tfpu05303.tao.corp.google.com
tfpu05303.tao.corp.google.com,100.91.161.9,tfpu05304.tao.corp.google.com
tfpu05304.tao.corp.google.com,100.91.161.10,tfpu05305.tao.corp.google.com
tfpu05907.tao.corp.google.com,100.91.161.11,tfpu05306.tao.corp.google.com
tfpu00505.tao.corp.google.com,100.91.161.12,tfpu05307.tao.corp.google.com
mhpu01405.tao.corp.google.com,100.91.161.13,tfpu05308.tao.corp.google.com
pqmwifi-tao-rig14-ap1.tao.corp.google.com,100.91.161.17,tfpu05401.tao.corp.google.com
pqmwifi-tao-rig14-ap2.tao.corp.google.com,100.91.161.18,tfpu05402.tao.corp.google.com
mhpu04903-usb-ethernet.tao.corp.google.com,100.91.161.23,tfpu05403.tao.corp.google.com
pqmwifi-tao-rig14-attenuator.tao.corp.google.com,100.91.161.21,tfpu05404.tao.corp.google.com
tpe-test-server-3-14-usb-ethernet.tao.corp.google.com,100.91.161.24,tfpu05405.tao.corp.google.com
mhpu04802-usb-ethernet.tao.corp.google.com,100.91.161.25,tfpu05407.tao.corp.google.com
rig5-sniffer.tao.corp.google.com,100.91.161.26,tfpu05408.tao.corp.google.com
rig1-sniffer.tao.corp.google.com,100.91.161.27,mhpu00604.tao.corp.google.com
expu02402.tao.corp.google.com,100.91.161.29,mhpu00605.tao.corp.google.com
expu02403.tao.corp.google.com,100.91.161.30,tfpu06003.tao.corp.google.com
expu02404.tao.corp.google.com,100.91.161.32,tfpu06004.tao.corp.google.com
tfpu05601.tao.corp.google.com,100.91.161.33,tfpu06005.tao.corp.google.com
tfpu05701.tao.corp.google.com,100.91.161.34,tfpu06006.tao.corp.google.com
mhpu00606.tao.corp.google.com,100.91.161.36,tfpu06007.tao.corp.google.com
mhpu00607.tao.corp.google.com,100.91.161.37,tfpu00505.tao.corp.google.com
pqmwifi-tao-rig12-ap1.tao.corp.google.com,100.91.161.35,mhpu01405.tao.corp.google.com
mhpu00608.tao.corp.google.com,100.91.161.38,pqmwifi-tao-rig12-ap1.tao.corp.google.com
mhpu00609.tao.corp.google.com,100.91.161.39,pqmwifi-tao-rig13-ap1.tao.corp.google.com
mhpu00610.tao.corp.google.com,100.91.161.40,pqmwifi-tao-rig13-ap2.tao.corp.google.com
mhpu01102.tao.corp.google.com,100.91.161.41,pqmwifi-tao-rig14-ap1.tao.corp.google.com
mhpu01201.tao.corp.google.com,100.91.161.42,pqmwifi-tao-rig14-ap2.tao.corp.google.com
mhpu01203.tao.corp.google.com,100.91.161.43,pqmwifi-tao-rig15-ap1.tao.corp.google.com
mhpu01202.tao.corp.google.com,100.91.161.44,pqmwifi-tao-rig15-ap2.tao.corp.google.com
mhpu04709.tao.corp.google.com,100.91.161.45,pqmwifi-tao-rig14-attenuator.tao.corp.google.com
stt-power-bt-attenuator1.tao.corp.google.com,100.91.161.46,pqmwifi-tao-rig13-attenuator.tao.corp.google.com
tmpu04708.tao.corp.google.com,100.91.161.47,mhpu04903-usb-ethernet.tao.corp.google.com
mhpu01101.tao.corp.google.com,100.91.161.48,tpe-test-server-3-14-usb-ethernet.tao.corp.google.com
mhpu01103.tao.corp.google.com,100.91.161.49,mhpu04802-usb-ethernet.tao.corp.google.com
rig3-sniffer.tao.corp.google.com,100.91.161.50,rig5-sniffer.tao.corp.google.com
mhpu02302.tao.corp.google.com,100.91.161.51,rig1-sniffer.tao.corp.google.com
rig04-sniffer.tao.corp.google.com,100.91.161.52,rig2-sniffer.tao.corp.google.com
rig12-sniffer.tao.corp.google.com,100.91.161.53,rig9-sniffer.tao.corp.google.com
rig14-sniffer.tao.corp.google.com,100.91.161.54,expu02401.tao.corp.google.com
rig06-sniffer.tao.corp.google.com,100.91.161.55,expu02402.tao.corp.google.com
rig13-sniffer.tao.corp.google.com,100.91.161.56,expu02403.tao.corp.google.com
mhpu02303.tao.corp.google.com,100.91.161.57,expu02404.tao.corp.google.com
expu01801-04.tao.corp.google.com,100.91.161.58,pqm-bt-expw02201.tao.corp.google.com
gnss-rig3-attenuator.tao.corp.google.com,100.91.160.155,power2-ap1.tao.corp.google.com
pqmwifi-tao-rig01-attenuator.tao.corp.google.com,100.91.160.204,power2-ap2.tao.corp.google.com
pqmwifi-tao-rig08-attenuator.tao.corp.google.com,100.91.160.225,tfpu05601.tao.corp.google.com
pqmwifi-tao-rig09-attenuator.tao.corp.google.com,100.91.160.228,tfpu05701.tao.corp.google.com
pqmwifi-tao-rig13-attenuator.tao.corp.google.com,100.91.161.22,mhpu00606.tao.corp.google.com
mvtmmwifi3701.tao.corp.google.com,100.91.160.8,mhpu00607.tao.corp.google.com
power2-ap1.tao.corp.google.com,100.91.160.150,mhpu00608.tao.corp.google.com
power2-attenuator.tao.corp.google.com,100.91.160.162,mhpu00609.tao.corp.google.com
power3-attenuator.tao.corp.google.com,100.91.160.163,mhpu00610.tao.corp.google.com
gnss-rig1-googlewifi.tao.corp.google.com,100.91.160.171,tmpu04708.tao.corp.google.com
gnss-rig2-googlewifi.tao.corp.google.com,100.91.160.172,mhpu04709.tao.corp.google.com
gnss-rig3-googlewifi.tao.corp.google.com,100.91.160.173,mhpu01101.tao.corp.google.com
gnss-rig4-googlewifi.tao.corp.google.com,100.91.160.174,mhpu01102.tao.corp.google.com
gnss-rig5-googlewifi.tao.corp.google.com,100.91.160.175,mhpu01103.tao.corp.google.com
gnss-rig6-googlewifi.tao.corp.google.com,100.91.160.176,mhpu01201.tao.corp.google.com
gnss-rig7-googlewifi.tao.corp.google.com,100.91.160.177,mhpu01202.tao.corp.google.com
gnss-rig8-googlewifi.tao.corp.google.com,100.91.160.178,mhpu01203.tao.corp.google.com
gnss-rig9-googlewifi.tao.corp.google.com,100.91.160.179,stt-power-bt-attenuator1.tao.corp.google.com
pqmwifi-tao-rig09-ap1.tao.corp.google.com,100.91.160.226,rig3-sniffer.tao.corp.google.com
pqmwifi-tao-rig09-ap2.tao.corp.google.com,100.91.160.227,mhpu02302.tao.corp.google.com     
pqmwifi-tao-rig10-ap1.tao.corp.google.com,100.91.160.229,mhpu02303.tao.corp.google.com
pqmwifi-tao-rig10-ap2.tao.corp.google.com,100.91.160.230,rig02-sniffer.tao.corp.google.com
power2-ap2.tao.corp.google.com,100.91.161.14,rig04-sniffer.tao.corp.google.com
pqmwifi-tao-rig13-ap1.tao.corp.google.com,100.91.161.15,rig06-sniffer.tao.corp.google.com
pqmwifi-tao-rig13-ap2.tao.corp.google.com,100.91.161.16,rig12-sniffer.tao.corp.google.com
pqmwifi-tao-rig15-ap1.tao.corp.google.com,100.91.161.19,rig13-sniffer.tao.corp.google.com
pqmwifi-tao-rig15-ap2.tao.corp.google.com,100.91.161.20,rig14-sniffer.tao.corp.google.com
rig2-sniffer.tao.corp.google.com,100.91.161.28,expu01801-04.tao.corp.google.com
pqm-bt-expw02201.tao.corp.google.com,100.91.161.31,